<?xml version="1.0" encoding="UTF-8" ?>
<c3p0-config>

    <named-config name="c3p0-config">
        <!--基本配置-->
        <property name="user">root</property>
        <property name="password">1002</property>
        <property name="driverClass">com.mysql.jdbc.Driver</property>
        <property name="jdbcUrl">jdbc:mysql://localhost:3306/weixin-books?useSSL=false&amp;serverTimezone=UTC</property>
        <!--连接池配置-->
        <!--递增步长-->
        <property name="acquireIncrement">50</property>
        <!--初始化大小-->
        <property name="initialPoolSize">100</property>
        <!--最小-->
        <property name="minPoolSize">50</property>
        <!--最大-->
        <property name="maxPoolSize">1000</property>

        <property name="maxStatements">0</property>
        <property name="maxStatementsPerConnection">5</property>

    </named-config>
</c3p0-config>